model_id,property,index,equation,n,r,R2,adjusted_R2,p_value,slope,intercept,std_err,RMSE,MAE,MAPE_percent,model_quality
BP__SCI,BP,SCI,BP = (34.0506)*SCI + (160.692),12,0.9647394245067764,0.9307221571976662,0.9237943729174327,4.04578062329735e-07,34.05062278159375,160.69247157911263,2.937732250568035,39.12271569314417,35.05105011841687,6.369950608133293,excellent
EV__H,EV,H,EV = (4.6198)*H + (38.5779),12,0.9650567963215436,0.9313346201264012,0.9244680821390413,3.86902714312637e-07,4.619801347938028,38.57788490870711,0.3966791200724558,4.886783770878656,4.515709707946757,5.059790216447442,excellent
FP__RI,FP,RI,FP = (23.7131)*RI + (12.084),12,0.9298263049962512,0.8645769574629814,0.8510346532092795,1.1902530590636717e-05,23.713065114052284,12.083976626925905,2.967783042077228,36.67717226649998,29.200239054352853,11.809374711416442,good
MR__RI,MR,RI,MR = (7.54281)*RI + (2.71899),13,0.9928598165181118,0.9857706152563788,0.9844770348251405,1.6464232309916762e-11,7.542809150292935,2.7189909610288083,0.2732385070479307,3.5609219467048683,2.92911005622699,3.1983309862738984,excellent
MV__RI,MV,RI,MV = (17.4873)*RI + (55.8737),13,0.9397241227103318,0.8830814268037027,0.8724524656040393,1.8510320402484548e-06,17.487327350950498,55.87374196707688,1.918529472930153,25.00282181807821,20.934313028825702,7.359648195927518,good
ST__H,ST,H,ST = (1.59188)*H + (37.8458),13,0.6467549503359655,0.4182919657840772,0.3654094172189932,0.0168945507437542,1.591876827922437,37.84578365747114,0.5660123247349055,7.29956839005679,6.092939509000443,10.360672002159301,weak
